,study_hours_per_day,attendance_pct,sleep_hours,math_score,science_score,english_score,history_score,cs_score,avg_score
study_hours_per_day,1.0,-0.064,-0.056,0.651,0.614,0.704,0.598,0.647,0.839
attendance_pct,-0.064,1.0,0.077,0.193,0.186,0.269,0.213,0.269,0.295
sleep_hours,-0.056,0.077,1.0,0.055,-0.039,-0.009,0.012,-0.034,-0.004
math_score,0.651,0.193,0.055,1.0,0.487,0.541,0.412,0.55,0.772
science_score,0.614,0.186,-0.039,0.487,1.0,0.496,0.406,0.471,0.749
english_score,0.704,0.269,-0.009,0.541,0.496,1.0,0.475,0.534,0.786
history_score,0.598,0.213,0.012,0.412,0.406,0.475,1.0,0.449,0.734
cs_score,0.647,0.269,-0.034,0.55,0.471,0.534,0.449,1.0,0.784
avg_score,0.839,0.295,-0.004,0.772,0.749,0.786,0.734,0.784,1.0
