student_id,gender,age,study_hours_per_day,attendance_pct,sleep_hours,extra_curricular,internet_access,parent_education,math_score,science_score,english_score,history_score,cs_score,avg_score,grade,pass_fail,score_band
STU0001,Male,19,6.0,89.1,8.7,No,Yes,High School,45.3,38.0,46.0,45.5,46.5,44.26,D,Pass,40–55
STU0002,Female,18,4.7,100.0,8.1,No,Yes,Master,45.7,50.9,48.5,62.1,44.7,50.38,D,Pass,40–55
STU0003,Female,19,6.3,61.2,7.1,Yes,Yes,Master,59.5,52.6,36.1,51.8,37.4,47.48,D,Pass,40–55
STU0004,Male,19,8.0,84.8,6.2,Yes,Yes,High School,51.0,50.0,40.1,59.2,64.6,52.98,D,Pass,40–55
STU0005,Male,15,4.5,70.2,7.8,Yes,No,Bachelor,34.8,25.7,40.6,26.5,33.5,32.22,F,Fail,Below 40
STU0006,Male,15,4.5,72.2,7.5,No,Yes,High School,38.6,38.9,44.0,41.9,44.9,41.66,D,Pass,40–55
STU0007,Female,19,8.2,70.9,8.1,No,No,Master,60.6,53.1,55.7,64.5,50.8,56.94,C,Pass,55–70
STU0008,Female,16,6.5,67.6,7.8,Yes,Yes,High School,48.1,51.4,32.8,42.7,30.6,41.12,D,Pass,40–55
STU0009,Female,19,4.1,78.6,8.3,No,Yes,Master,29.5,48.4,37.4,53.3,35.3,40.78,D,Pass,40–55
STU0010,Female,19,6.1,68.0,6.4,Yes,Yes,Bachelor,40.5,44.2,29.2,57.7,35.3,41.38,D,Pass,40–55
STU0011,Male,17,4.1,81.2,8.6,Yes,No,Bachelor,35.8,57.4,50.3,57.3,40.9,48.34,D,Pass,40–55
STU0012,Male,17,4.1,77.4,7.2,No,Yes,No Education,38.9,41.5,31.9,42.5,30.0,36.96,F,Fail,Below 40
STU0013,Male,17,5.5,75.1,9.5,No,Yes,Bachelor,47.9,41.4,53.3,50.3,51.9,48.96,D,Pass,40–55
STU0014,Male,16,1.2,67.1,6.2,No,Yes,Bachelor,28.2,10.3,31.4,39.0,24.1,26.6,F,Fail,Below 40
STU0015,Male,16,1.6,71.1,9.1,No,Yes,High School,13.3,25.2,21.2,32.0,26.1,23.56,F,Fail,Below 40
STU0016,Male,19,3.9,87.1,7.2,Yes,Yes,Bachelor,50.1,38.6,33.7,36.6,46.9,41.18,D,Pass,40–55
STU0017,Female,17,3.0,84.0,6.2,No,Yes,PhD,39.1,45.7,39.6,32.6,44.8,40.36,D,Pass,40–55
STU0018,Female,16,5.6,66.3,6.4,Yes,Yes,Bachelor,53.5,46.6,36.5,44.8,42.2,44.72,D,Pass,40–55
STU0019,Female,15,3.2,79.2,6.6,No,Yes,Bachelor,40.0,25.9,37.2,23.6,30.3,31.4,F,Fail,Below 40
STU0020,Female,19,2.2,87.0,7.5,Yes,Yes,High School,43.6,36.4,31.4,33.4,20.6,33.08,F,Fail,Below 40
STU0021,Female,18,7.9,58.0,7.6,No,Yes,Bachelor,52.8,55.2,36.6,60.1,43.6,49.66,D,Pass,40–55
STU0022,Male,19,4.5,84.5,6.3,Yes,Yes,High School,54.3,57.3,27.9,21.6,38.6,39.94,F,Fail,Below 40
STU0023,Female,18,5.1,70.0,7.0,Yes,No,Bachelor,45.7,49.5,43.1,56.9,42.4,47.52,D,Pass,40–55
STU0024,Female,17,2.2,84.8,9.6,No,Yes,Master,33.3,40.9,30.1,45.3,31.3,36.18,F,Fail,Below 40
STU0025,Male,18,3.9,68.8,9.1,Yes,Yes,Bachelor,54.5,36.8,32.4,31.7,41.8,39.44,F,Fail,Below 40
STU0026,Male,17,5.2,56.3,7.5,No,Yes,High School,44.9,41.3,42.7,43.2,32.9,41.0,D,Pass,40–55
STU0027,Female,15,2.7,58.5,7.0,Yes,Yes,High School,32.9,39.6,36.5,28.4,27.9,33.06,F,Fail,Below 40
STU0028,Male,18,5.8,78.6,7.1,Yes,Yes,Bachelor,36.4,34.6,44.7,58.9,56.1,46.14,D,Pass,40–55
STU0029,Female,19,3.8,81.1,7.7,Yes,Yes,Bachelor,29.2,36.4,37.1,49.4,42.3,38.88,F,Fail,Below 40
STU0030,Female,17,4.4,67.1,5.8,Yes,Yes,Master,40.2,30.9,41.3,23.8,37.3,34.7,F,Fail,Below 40
STU0031,Male,19,3.8,85.7,6.7,No,Yes,Master,42.0,44.3,31.4,46.8,36.1,40.12,D,Pass,40–55
STU0032,Male,16,8.7,58.1,5.0,Yes,Yes,Bachelor,47.3,63.3,53.8,50.2,47.2,52.36,D,Pass,40–55
STU0033,Male,17,5.0,77.2,7.5,No,Yes,High School,44.2,37.7,46.9,43.9,36.2,41.78,D,Pass,40–55
STU0034,Male,18,2.9,63.5,7.8,No,Yes,High School,43.3,9.1,35.3,23.3,26.3,27.46,F,Fail,Below 40
STU0035,Male,17,6.6,70.2,6.4,No,No,High School,53.2,43.9,34.1,65.1,53.7,50.0,D,Pass,40–55
STU0036,Female,19,2.6,78.6,8.9,No,Yes,High School,24.7,42.0,28.5,44.2,32.0,34.28,F,Fail,Below 40
STU0037,Male,15,5.4,67.7,5.5,No,Yes,Bachelor,41.1,46.8,35.8,34.6,31.2,37.9,F,Fail,Below 40
STU0038,Female,17,1.1,73.4,5.2,No,Yes,Bachelor,19.9,30.2,27.0,13.0,40.5,26.12,F,Fail,Below 40
STU0039,Male,18,2.3,90.1,7.3,Yes,Yes,Bachelor,33.3,33.9,39.8,32.5,39.0,35.7,F,Fail,Below 40
STU0040,Female,16,5.4,71.1,8.3,Yes,Yes,High School,39.6,31.4,53.4,47.2,31.6,40.64,D,Pass,40–55
STU0041,Male,15,6.5,88.0,9.0,No,Yes,High School,48.5,57.0,48.9,54.7,48.8,51.58,D,Pass,40–55
STU0042,Male,16,5.3,64.4,6.4,No,Yes,High School,30.7,33.2,37.2,53.2,41.6,39.18,F,Fail,Below 40
STU0043,Female,17,4.8,84.4,8.3,No,Yes,High School,43.4,64.0,52.4,52.3,58.0,54.02,D,Pass,40–55
STU0044,Female,19,4.4,95.3,7.0,No,Yes,Master,41.7,51.3,48.3,55.9,37.3,46.9,D,Pass,40–55
STU0045,Male,19,2.0,48.3,6.8,No,Yes,No Education,0.0,17.4,31.5,25.9,30.5,21.06,F,Fail,Below 40
STU0046,Female,18,3.6,68.4,8.1,No,Yes,Bachelor,51.2,29.3,36.8,20.9,46.0,36.84,F,Fail,Below 40
STU0047,Male,19,4.1,84.9,7.8,No,Yes,High School,50.5,41.0,33.7,39.8,36.8,40.36,D,Pass,40–55
STU0048,Female,15,7.1,75.6,5.1,Yes,Yes,Master,48.1,49.0,41.8,61.7,48.9,49.9,D,Pass,40–55
STU0049,Male,19,5.7,82.5,8.8,No,Yes,Bachelor,47.6,57.5,36.6,47.0,39.2,45.58,D,Pass,40–55
STU0050,Male,18,1.5,70.8,8.7,Yes,Yes,High School,17.7,28.8,31.8,32.2,25.5,27.2,F,Fail,Below 40
STU0051,Female,17,5.6,79.0,6.2,Yes,Yes,Bachelor,59.9,39.7,54.6,43.1,46.0,48.66,D,Pass,40–55
STU0052,Female,17,4.2,76.1,7.5,No,Yes,Bachelor,54.9,56.8,52.7,29.5,45.0,47.78,D,Pass,40–55
STU0053,Male,19,3.6,92.0,7.6,Yes,Yes,PhD,43.4,42.6,48.1,41.0,50.9,45.2,D,Pass,40–55
STU0054,Female,16,6.2,81.1,7.3,Yes,Yes,High School,57.4,56.1,57.3,52.3,43.2,53.26,D,Pass,40–55
STU0055,Female,17,7.1,82.1,6.3,Yes,Yes,Master,54.3,47.4,48.8,46.3,37.1,46.78,D,Pass,40–55
STU0056,Male,19,6.9,73.1,6.2,No,No,Master,38.7,52.6,41.3,47.0,49.2,45.76,D,Pass,40–55
STU0057,Female,18,3.3,72.1,7.0,No,Yes,Master,31.6,37.7,40.9,25.5,37.3,34.6,F,Fail,Below 40
STU0058,Male,19,4.4,72.8,8.4,No,Yes,Bachelor,40.4,22.4,42.3,50.6,41.4,39.42,F,Fail,Below 40
STU0059,Female,17,5.7,82.7,7.7,No,Yes,Bachelor,43.8,65.6,48.2,44.5,44.9,49.4,D,Pass,40–55
STU0060,Female,18,7.0,72.9,6.6,No,Yes,Bachelor,47.9,61.3,52.4,64.2,50.7,55.3,C,Pass,55–70
STU0061,Female,19,4.0,81.5,7.9,Yes,Yes,Bachelor,39.9,37.0,42.9,55.9,52.7,45.68,D,Pass,40–55
STU0062,Male,15,4.6,100.0,4.0,No,No,Bachelor,47.9,38.6,57.5,47.7,51.6,48.66,D,Pass,40–55
STU0063,Male,18,2.8,88.5,8.4,No,No,Bachelor,38.1,40.8,46.8,27.6,34.7,37.6,F,Fail,Below 40
STU0064,Male,15,2.6,74.1,4.9,No,Yes,Bachelor,24.2,33.4,36.5,11.8,28.7,26.92,F,Fail,Below 40
STU0065,Male,16,6.6,92.4,6.6,Yes,No,Bachelor,48.5,57.4,60.1,39.5,52.9,51.68,D,Pass,40–55
STU0066,Male,18,7.7,73.1,5.7,No,No,Master,42.5,54.5,56.4,39.0,65.9,51.66,D,Pass,40–55
STU0067,Female,15,4.9,53.5,5.4,No,Yes,High School,43.3,40.0,32.3,49.3,34.0,39.78,F,Fail,Below 40
STU0068,Male,17,7.0,65.9,8.4,Yes,Yes,Master,31.0,60.8,53.1,49.0,47.6,48.3,D,Pass,40–55
STU0069,Male,17,5.7,55.6,6.4,No,Yes,Bachelor,48.8,44.7,29.8,43.5,35.7,40.5,D,Pass,40–55
STU0070,Female,16,3.7,73.8,7.4,Yes,Yes,Master,48.1,27.5,44.4,14.8,45.8,36.12,F,Fail,Below 40
STU0071,Male,18,5.7,78.2,6.9,Yes,Yes,Bachelor,43.9,58.6,38.0,34.4,62.0,47.38,D,Pass,40–55
STU0072,Female,18,8.1,98.1,7.6,No,Yes,High School,40.9,76.5,63.7,70.6,65.3,63.4,C,Pass,55–70
STU0073,Male,18,4.9,81.9,7.1,Yes,No,Master,41.4,72.7,38.4,47.2,45.0,48.94,D,Pass,40–55
STU0074,Female,16,8.1,75.4,5.5,No,Yes,High School,54.6,45.0,59.0,53.7,55.4,53.54,D,Pass,40–55
STU0075,Male,18,1.0,88.0,8.2,No,Yes,Master,22.3,32.6,30.1,36.0,11.3,26.46,F,Fail,Below 40
STU0076,Male,17,6.6,51.5,6.4,Yes,Yes,Bachelor,37.9,23.3,30.9,58.4,48.0,39.7,F,Fail,Below 40
STU0077,Female,15,5.2,80.8,5.1,No,No,Bachelor,57.2,49.9,47.9,42.7,46.0,48.74,D,Pass,40–55
STU0078,Male,17,4.4,87.3,6.5,Yes,No,High School,49.1,38.8,39.7,44.5,47.2,43.86,D,Pass,40–55
STU0079,Female,17,5.2,60.3,8.8,Yes,Yes,Bachelor,31.4,56.1,45.0,40.7,33.1,41.26,D,Pass,40–55
STU0080,Male,15,1.0,91.7,8.0,Yes,Yes,High School,18.8,24.6,31.6,55.5,28.5,31.8,F,Fail,Below 40
STU0081,Male,17,4.6,82.1,6.6,Yes,Yes,No Education,40.2,27.7,45.6,21.9,39.6,35.0,F,Fail,Below 40
STU0082,Female,16,5.7,73.0,6.6,Yes,Yes,High School,43.1,40.5,38.1,51.6,52.9,45.24,D,Pass,40–55
STU0083,Male,15,8.0,85.6,6.6,No,Yes,No Education,61.5,39.7,53.4,56.4,54.5,53.1,D,Pass,40–55
STU0084,Female,17,4.0,100.0,9.5,No,Yes,PhD,41.6,52.6,42.6,51.5,62.5,50.16,D,Pass,40–55
STU0085,Female,19,3.4,80.2,7.5,Yes,Yes,PhD,41.7,19.0,43.6,31.0,41.0,35.26,F,Fail,Below 40
STU0086,Female,17,4.0,81.0,7.5,No,Yes,High School,55.8,40.5,52.0,39.8,30.1,43.64,D,Pass,40–55
STU0087,Female,16,6.8,72.5,8.2,No,Yes,Bachelor,55.6,30.4,43.4,56.2,48.0,46.72,D,Pass,40–55
STU0088,Male,18,5.7,67.8,7.3,No,Yes,High School,42.6,40.1,50.5,74.1,37.8,49.02,D,Pass,40–55
STU0089,Male,17,3.9,88.0,6.7,No,Yes,Bachelor,40.7,56.9,27.0,50.2,24.6,39.88,F,Fail,Below 40
STU0090,Male,18,6.0,67.7,6.8,Yes,Yes,Master,41.6,47.7,36.1,35.9,57.2,43.7,D,Pass,40–55
STU0091,Female,19,5.2,78.9,6.9,Yes,Yes,Master,53.9,36.7,37.7,40.2,50.1,43.72,D,Pass,40–55
STU0092,Female,17,6.9,72.3,7.0,No,Yes,Bachelor,44.4,49.1,40.0,44.9,53.7,46.42,D,Pass,40–55
STU0093,Male,15,3.6,83.7,7.9,No,Yes,Bachelor,39.9,39.7,28.4,21.6,40.8,34.08,F,Fail,Below 40
STU0094,Female,18,4.3,82.0,7.1,Yes,Yes,High School,42.4,46.2,44.9,38.7,30.9,40.62,D,Pass,40–55
STU0095,Male,19,4.2,90.5,7.9,Yes,Yes,PhD,40.0,31.7,42.5,51.3,40.1,41.12,D,Pass,40–55
STU0096,Female,15,2.1,71.9,6.9,No,Yes,No Education,18.9,35.2,32.5,17.1,36.6,28.06,F,Fail,Below 40
STU0097,Male,15,5.6,74.8,7.1,No,Yes,Bachelor,47.4,20.5,49.6,55.3,36.4,41.84,D,Pass,40–55
STU0098,Female,15,5.5,66.3,4.6,No,Yes,Bachelor,41.5,36.3,43.8,46.8,21.7,38.02,F,Fail,Below 40
STU0099,Female,15,5.0,72.7,8.1,No,No,Bachelor,45.8,37.4,46.4,34.5,40.0,40.82,D,Pass,40–55
STU0100,Male,17,4.5,82.5,7.4,Yes,Yes,High School,38.6,48.6,42.4,41.5,41.7,42.56,D,Pass,40–55
STU0101,Male,17,2.2,87.1,8.2,No,Yes,Master,44.6,35.0,26.5,50.8,35.9,38.56,F,Fail,Below 40
STU0102,Male,17,4.2,66.9,4.0,No,No,High School,29.7,24.1,44.1,44.1,42.5,36.9,F,Fail,Below 40
STU0103,Male,19,4.3,88.4,9.5,Yes,Yes,Bachelor,57.5,34.9,39.7,43.9,48.9,44.98,D,Pass,40–55
STU0104,Male,19,3.4,94.3,6.8,No,Yes,High School,27.9,43.7,35.3,39.5,43.9,38.06,F,Fail,Below 40
STU0105,Female,19,4.7,83.0,8.3,No,Yes,High School,47.1,42.9,42.4,44.4,53.2,46.0,D,Pass,40–55
STU0106,Female,16,5.8,100.0,5.8,Yes,Yes,Bachelor,57.0,48.0,46.8,48.1,41.1,48.2,D,Pass,40–55
STU0107,Female,19,8.8,68.7,7.7,No,Yes,Bachelor,49.3,51.4,52.8,34.7,59.7,49.58,D,Pass,40–55
STU0108,Male,17,5.3,63.1,5.7,No,Yes,High School,43.7,46.6,42.7,60.7,45.3,47.8,D,Pass,40–55
STU0109,Female,17,5.5,56.7,6.3,No,No,High School,49.3,34.4,41.5,40.6,29.1,38.98,F,Fail,Below 40
STU0110,Female,16,4.9,96.0,9.3,Yes,No,Bachelor,30.5,47.4,41.9,52.2,36.2,41.64,D,Pass,40–55
STU0111,Male,16,1.2,85.9,6.8,Yes,Yes,Bachelor,34.4,49.9,27.0,29.8,24.4,33.1,F,Fail,Below 40
STU0112,Female,19,4.9,77.3,7.3,No,Yes,Master,23.0,30.2,50.5,35.6,37.7,35.4,F,Fail,Below 40
STU0113,Female,18,5.1,81.4,8.0,Yes,Yes,High School,37.2,28.2,48.4,43.0,50.9,41.54,D,Pass,40–55
STU0114,Male,16,9.9,64.5,7.6,No,No,High School,72.1,66.1,73.6,43.1,54.1,61.8,C,Pass,55–70
STU0115,Male,15,4.6,100.0,7.2,No,No,High School,43.8,42.4,56.7,71.2,41.6,51.14,D,Pass,40–55
STU0116,Female,17,5.6,79.6,7.4,Yes,Yes,No Education,36.9,43.4,54.3,33.9,41.4,41.98,D,Pass,40–55
STU0117,Male,15,4.9,79.3,9.9,No,Yes,Bachelor,41.9,36.5,33.8,33.2,52.5,39.58,F,Fail,Below 40
STU0118,Female,17,2.7,86.7,6.9,No,Yes,Bachelor,53.2,34.3,42.0,32.3,36.8,39.72,F,Fail,Below 40
STU0119,Female,17,7.3,83.8,7.2,Yes,Yes,High School,39.6,68.7,53.9,67.2,52.8,56.44,C,Pass,55–70
STU0120,Female,16,6.5,80.7,8.3,No,Yes,High School,41.8,57.4,46.4,50.4,49.3,49.06,D,Pass,40–55
STU0121,Male,16,6.6,68.5,8.3,No,Yes,No Education,58.9,54.6,48.1,34.5,57.2,50.66,D,Pass,40–55
STU0122,Male,15,3.2,83.7,8.4,No,Yes,Master,52.7,25.1,44.4,50.4,31.8,40.88,D,Pass,40–55
STU0123,Female,17,7.8,100.0,7.8,No,Yes,PhD,60.4,50.9,64.7,68.5,71.7,63.24,C,Pass,55–70
STU0124,Female,15,2.2,94.1,5.6,No,Yes,High School,27.1,11.5,30.9,42.4,38.7,30.12,F,Fail,Below 40
STU0125,Male,18,6.2,97.1,9.0,No,No,High School,70.6,46.5,59.0,61.0,52.5,57.92,C,Pass,55–70
STU0126,Female,15,9.4,71.9,5.6,No,Yes,Master,71.8,67.7,54.6,83.0,79.1,71.24,B,Pass,70–85
STU0127,Female,19,3.0,66.1,7.4,No,Yes,Master,37.3,36.6,33.4,53.8,23.5,36.92,F,Fail,Below 40
STU0128,Male,15,3.9,76.5,6.1,No,Yes,Bachelor,31.9,36.4,36.3,31.5,35.6,34.34,F,Fail,Below 40
STU0129,Male,19,5.2,78.7,6.9,Yes,Yes,High School,44.0,44.2,42.9,60.6,34.5,45.24,D,Pass,40–55
STU0130,Female,19,4.0,91.1,7.4,No,Yes,No Education,42.0,37.1,48.7,47.1,50.9,45.16,D,Pass,40–55
STU0131,Male,19,1.9,57.7,7.4,Yes,Yes,Bachelor,27.5,26.7,17.6,29.9,38.4,28.02,F,Fail,Below 40
STU0132,Male,18,5.1,96.4,7.5,Yes,Yes,High School,61.1,56.3,63.1,32.5,62.8,55.16,C,Pass,55–70
STU0133,Male,15,2.9,76.1,8.9,Yes,Yes,No Education,41.4,19.8,21.6,32.6,44.1,31.9,F,Fail,Below 40
STU0134,Male,15,5.9,72.9,7.5,No,Yes,Bachelor,37.0,48.3,41.5,37.5,44.1,41.68,D,Pass,40–55
STU0135,Female,18,3.2,65.9,6.7,No,Yes,No Education,43.4,40.8,35.0,40.7,29.5,37.88,F,Fail,Below 40
STU0136,Female,17,8.1,58.1,8.2,No,Yes,Bachelor,52.3,46.1,53.9,60.6,36.5,49.88,D,Pass,40–55
STU0137,Male,16,3.4,87.9,8.4,No,Yes,High School,45.6,46.4,39.4,19.4,56.4,41.44,D,Pass,40–55
STU0138,Female,15,4.4,78.9,5.5,No,Yes,No Education,52.8,66.4,40.7,40.9,44.8,49.12,D,Pass,40–55
STU0139,Female,16,6.6,62.5,7.7,No,Yes,Bachelor,36.4,44.3,48.1,56.5,41.3,45.32,D,Pass,40–55
STU0140,Female,18,2.5,62.5,7.8,No,Yes,High School,28.6,32.4,27.3,27.0,39.5,30.96,F,Fail,Below 40
STU0141,Male,17,5.5,74.0,6.6,Yes,Yes,PhD,39.8,37.4,53.8,51.3,36.2,43.7,D,Pass,40–55
STU0142,Male,17,7.6,98.0,8.7,Yes,Yes,Bachelor,47.3,61.5,65.7,63.4,63.1,60.2,C,Pass,55–70
STU0143,Female,17,1.8,74.9,6.8,No,Yes,High School,32.4,33.7,35.7,33.0,28.2,32.6,F,Fail,Below 40
STU0144,Female,18,5.4,60.0,7.2,No,Yes,Bachelor,59.6,41.2,32.7,36.8,44.6,42.98,D,Pass,40–55
STU0145,Male,19,5.5,75.1,6.8,Yes,Yes,High School,29.9,35.4,44.0,32.4,44.1,37.16,F,Fail,Below 40
STU0146,Male,19,6.6,74.7,7.0,Yes,Yes,Master,48.4,50.5,46.6,37.5,37.1,44.02,D,Pass,40–55
STU0147,Male,16,2.5,45.6,5.7,No,No,High School,28.9,37.0,16.8,30.9,24.4,27.6,F,Fail,Below 40
STU0148,Female,19,2.4,77.3,5.3,Yes,Yes,Bachelor,33.6,36.7,35.2,32.8,41.0,35.86,F,Fail,Below 40
STU0149,Female,19,6.0,75.2,8.9,No,Yes,High School,45.8,55.4,43.0,45.4,46.5,47.22,D,Pass,40–55
STU0150,Female,17,5.6,86.4,6.0,No,Yes,Bachelor,37.9,46.1,52.9,44.0,54.5,47.08,D,Pass,40–55
STU0151,Male,17,5.5,100.0,5.8,No,Yes,Master,53.9,58.8,44.5,49.0,43.6,49.96,D,Pass,40–55
STU0152,Female,16,5.7,91.5,4.4,Yes,Yes,Master,44.2,52.7,62.3,60.7,50.0,53.98,D,Pass,40–55
STU0153,Female,15,3.6,74.8,6.2,No,Yes,High School,19.5,28.4,30.7,33.6,32.0,28.84,F,Fail,Below 40
STU0154,Male,16,5.5,64.7,5.4,No,No,High School,50.8,44.1,42.8,27.9,47.3,42.58,D,Pass,40–55
STU0155,Female,16,5.6,100.0,9.0,No,Yes,Master,60.0,43.4,57.9,59.8,52.6,54.74,D,Pass,40–55
STU0156,Female,18,3.6,78.7,8.2,No,Yes,Master,38.3,32.2,33.9,35.8,43.4,36.72,F,Fail,Below 40
STU0157,Male,18,8.7,78.2,6.2,Yes,Yes,High School,60.2,60.1,64.3,58.7,67.1,62.08,C,Pass,55–70
STU0158,Female,16,5.9,77.7,9.7,No,Yes,Bachelor,55.7,49.8,38.5,63.2,52.6,51.96,D,Pass,40–55
STU0159,Male,16,2.6,80.4,8.2,No,Yes,High School,36.4,23.9,44.7,34.4,36.8,35.24,F,Fail,Below 40
STU0160,Female,16,6.3,76.3,6.6,No,Yes,Master,55.4,57.6,48.2,51.0,40.1,50.46,D,Pass,40–55
STU0161,Female,19,3.1,71.1,4.0,Yes,Yes,High School,31.2,38.7,29.4,21.7,33.5,30.9,F,Fail,Below 40
STU0162,Female,18,6.6,71.4,9.7,No,Yes,High School,58.2,41.4,45.6,45.5,43.5,46.84,D,Pass,40–55
STU0163,Female,16,7.3,77.6,5.3,No,No,Bachelor,55.1,38.7,58.2,58.6,49.8,52.08,D,Pass,40–55
STU0164,Male,17,3.4,71.5,5.0,Yes,No,High School,36.4,33.6,30.8,19.3,31.9,30.4,F,Fail,Below 40
STU0165,Female,17,6.9,69.4,8.2,Yes,Yes,Bachelor,38.4,44.5,43.3,50.5,40.7,43.48,D,Pass,40–55
STU0166,Female,19,5.8,79.3,9.9,No,Yes,Bachelor,49.4,48.1,45.5,48.1,31.4,44.5,D,Pass,40–55
STU0167,Male,19,6.6,74.9,8.7,Yes,No,High School,42.4,45.8,40.8,49.5,43.7,44.44,D,Pass,40–55
STU0168,Female,15,8.8,96.0,7.7,Yes,No,High School,58.9,45.9,76.7,74.4,65.5,64.28,C,Pass,55–70
STU0169,Female,15,4.5,46.2,7.7,Yes,Yes,Bachelor,25.4,28.4,27.9,35.2,21.1,27.6,F,Fail,Below 40
STU0170,Male,15,3.5,91.1,8.0,No,Yes,High School,32.8,38.5,47.1,56.1,41.4,43.18,D,Pass,40–55
STU0171,Female,19,3.2,93.0,7.9,No,Yes,Bachelor,57.8,46.5,42.2,30.8,56.0,46.66,D,Pass,40–55
STU0172,Female,19,3.4,53.1,7.3,No,Yes,Master,40.1,23.1,22.5,30.8,37.6,30.82,F,Fail,Below 40
STU0173,Male,19,4.8,73.9,7.1,Yes,No,Bachelor,56.9,56.7,41.5,42.4,54.7,50.44,D,Pass,40–55
STU0174,Female,17,5.7,73.5,6.9,No,Yes,High School,35.0,27.6,50.3,34.1,47.9,38.98,F,Fail,Below 40
STU0175,Male,19,5.6,61.1,6.1,No,No,High School,41.1,52.3,39.2,50.1,49.9,46.52,D,Pass,40–55
STU0176,Male,17,6.7,68.7,6.7,No,Yes,High School,36.9,45.2,55.6,70.5,41.4,49.92,D,Pass,40–55
STU0177,Male,15,5.0,64.7,5.0,No,No,High School,33.9,47.2,46.7,39.3,34.4,40.3,D,Pass,40–55
STU0178,Female,15,7.9,99.0,6.9,Yes,Yes,Bachelor,54.0,62.1,67.8,66.4,39.4,57.94,C,Pass,55–70
STU0179,Female,15,4.5,89.2,5.8,No,Yes,Bachelor,54.6,54.9,41.4,45.5,54.1,50.1,D,Pass,40–55
STU0180,Male,16,10.4,93.3,5.7,Yes,Yes,High School,66.6,66.3,62.2,62.6,82.1,67.96,C,Pass,55–70
STU0181,Male,16,6.3,86.7,7.2,No,Yes,No Education,59.6,41.1,46.7,32.8,46.6,45.36,D,Pass,40–55
STU0182,Female,18,3.3,64.5,8.7,Yes,Yes,High School,37.3,45.3,33.9,25.4,30.4,34.46,F,Fail,Below 40
STU0183,Male,18,2.9,71.7,8.1,Yes,No,Bachelor,51.4,31.9,36.8,19.0,26.9,33.2,F,Fail,Below 40
STU0184,Female,18,6.0,83.9,5.1,Yes,Yes,High School,37.2,51.0,33.8,66.1,52.1,48.04,D,Pass,40–55
STU0185,Female,16,4.6,63.3,5.8,No,No,Bachelor,47.3,48.3,37.2,36.1,46.2,43.02,D,Pass,40–55
STU0186,Female,16,6.4,86.6,8.1,Yes,No,High School,60.9,42.4,52.8,48.2,37.7,48.4,D,Pass,40–55
STU0187,Female,18,5.9,75.1,5.8,No,Yes,Master,38.5,51.7,44.4,55.2,49.6,47.88,D,Pass,40–55
STU0188,Male,18,4.9,73.5,6.7,No,Yes,Master,49.5,36.2,50.5,30.3,39.3,41.16,D,Pass,40–55
STU0189,Female,19,3.3,86.5,7.7,Yes,Yes,High School,41.9,38.0,42.1,31.5,40.1,38.72,F,Fail,Below 40
STU0190,Female,18,2.0,83.3,5.8,No,Yes,High School,31.1,33.5,42.1,33.6,36.6,35.38,F,Fail,Below 40
STU0191,Female,19,4.1,73.7,7.1,Yes,Yes,Bachelor,31.9,25.0,37.0,48.8,37.0,35.94,F,Fail,Below 40
STU0192,Male,17,6.7,91.9,5.4,No,Yes,High School,48.7,47.4,61.0,59.4,53.6,54.02,D,Pass,40–55
STU0193,Female,16,5.4,65.0,6.3,No,Yes,Bachelor,57.6,53.4,52.7,43.7,39.5,49.38,D,Pass,40–55
STU0194,Male,18,2.5,85.4,7.4,Yes,Yes,Master,35.7,43.6,44.8,36.4,43.4,40.78,D,Pass,40–55
STU0195,Male,16,5.3,85.1,5.1,Yes,Yes,Bachelor,53.2,46.4,39.3,50.9,50.3,48.02,D,Pass,40–55
STU0196,Male,16,5.8,74.3,7.5,Yes,Yes,Master,39.0,47.6,43.6,47.4,47.1,44.94,D,Pass,40–55
STU0197,Female,16,3.2,81.9,7.0,No,No,High School,31.3,34.9,35.1,27.2,27.3,31.16,F,Fail,Below 40
STU0198,Female,17,5.3,63.0,7.7,No,Yes,High School,48.8,52.3,43.6,40.6,37.1,44.48,D,Pass,40–55
STU0199,Female,15,5.1,89.1,7.3,No,No,Bachelor,36.4,45.4,52.0,36.5,54.4,44.94,D,Pass,40–55
STU0200,Female,18,2.7,75.8,8.6,No,Yes,High School,30.3,35.7,27.7,34.4,33.9,32.4,F,Fail,Below 40
STU0201,Male,15,5.7,71.7,7.2,Yes,Yes,Bachelor,44.7,54.7,44.9,39.6,49.7,46.72,D,Pass,40–55
STU0202,Female,15,6.1,90.6,6.5,No,Yes,High School,52.6,44.7,37.5,77.1,65.8,55.54,C,Pass,55–70
STU0203,Male,15,7.2,69.5,7.1,No,Yes,High School,48.1,63.6,59.6,49.1,57.8,55.64,C,Pass,55–70
STU0204,Female,16,7.1,61.1,7.7,Yes,Yes,PhD,49.9,33.0,43.2,32.7,47.5,41.26,D,Pass,40–55
STU0205,Female,19,2.2,59.3,7.1,Yes,Yes,High School,32.3,41.4,27.2,25.4,22.7,29.8,F,Fail,Below 40
STU0206,Female,16,3.1,85.3,7.0,Yes,Yes,PhD,44.0,34.7,35.9,43.3,17.7,35.12,F,Fail,Below 40
STU0207,Female,16,6.0,62.6,6.2,No,Yes,PhD,35.0,40.7,50.9,59.6,41.6,45.56,D,Pass,40–55
STU0208,Male,15,6.0,99.1,6.2,No,Yes,Bachelor,51.6,36.8,34.0,47.9,51.2,44.3,D,Pass,40–55
STU0209,Male,16,6.0,53.0,5.3,Yes,Yes,Bachelor,49.6,35.9,39.9,24.2,43.1,38.54,F,Fail,Below 40
STU0210,Female,15,12.0,98.4,9.1,No,Yes,Bachelor,84.7,68.1,76.8,85.7,76.3,78.32,B,Pass,70–85
STU0211,Male,19,6.1,80.5,5.5,Yes,Yes,Master,37.7,43.3,45.6,34.9,46.2,41.54,D,Pass,40–55
STU0212,Male,18,7.3,76.8,6.2,No,Yes,High School,54.9,50.9,64.2,47.8,37.9,51.14,D,Pass,40–55
STU0213,Female,15,6.9,71.5,6.1,Yes,Yes,Bachelor,33.2,57.7,42.9,46.5,41.6,44.38,D,Pass,40–55
STU0214,Female,19,6.3,82.8,8.1,No,Yes,Bachelor,50.4,51.9,55.5,49.4,53.9,52.22,D,Pass,40–55
STU0215,Male,18,4.4,77.5,6.6,No,No,Bachelor,55.9,43.5,43.2,47.6,54.5,48.94,D,Pass,40–55
STU0216,Male,17,6.5,91.2,8.5,No,Yes,Bachelor,45.9,43.6,62.3,46.6,52.7,50.22,D,Pass,40–55
STU0217,Female,15,3.5,79.4,6.2,No,Yes,High School,31.0,29.7,33.0,34.9,40.3,33.78,F,Fail,Below 40
STU0218,Female,15,4.5,79.8,7.3,Yes,Yes,Bachelor,48.2,58.2,36.9,41.9,49.7,46.98,D,Pass,40–55
STU0219,Male,17,4.0,73.6,6.0,Yes,Yes,Master,25.9,31.6,45.9,39.7,31.7,34.96,F,Fail,Below 40
STU0220,Male,17,5.2,77.3,9.6,Yes,Yes,High School,38.8,58.8,46.8,44.8,46.8,47.2,D,Pass,40–55
STU0221,Male,15,9.6,81.7,5.6,Yes,Yes,Master,67.8,60.8,52.2,67.4,57.1,61.06,C,Pass,55–70
STU0222,Male,17,1.3,57.5,7.4,No,Yes,Bachelor,17.2,22.3,18.5,30.7,29.2,23.58,F,Fail,Below 40
STU0223,Male,16,6.4,61.8,7.8,Yes,Yes,Master,42.1,53.7,46.7,48.0,45.2,47.14,D,Pass,40–55
STU0224,Female,18,1.8,86.9,7.5,Yes,Yes,Bachelor,39.1,44.6,39.0,37.7,35.6,39.2,F,Fail,Below 40
STU0225,Female,18,4.1,80.1,6.8,No,Yes,Bachelor,43.6,39.2,35.5,24.4,34.0,35.34,F,Fail,Below 40
STU0226,Female,18,7.2,75.8,6.8,No,Yes,No Education,53.6,48.0,31.0,52.0,57.1,48.34,D,Pass,40–55
STU0227,Male,16,5.1,78.2,7.1,No,Yes,Master,41.3,43.5,47.6,48.8,60.7,48.38,D,Pass,40–55
STU0228,Female,17,2.8,82.2,6.8,Yes,Yes,No Education,39.0,39.1,27.5,43.3,28.0,35.38,F,Fail,Below 40
STU0229,Male,19,3.6,71.5,8.2,Yes,Yes,Master,34.7,43.8,21.6,28.8,33.0,32.38,F,Fail,Below 40
STU0230,Female,17,6.4,68.7,9.7,No,Yes,PhD,49.7,46.1,26.2,39.4,47.9,41.86,D,Pass,40–55
STU0231,Female,15,3.5,80.4,6.3,Yes,Yes,High School,34.3,43.8,44.0,32.5,44.6,39.84,F,Fail,Below 40
STU0232,Male,18,5.4,66.3,5.4,Yes,Yes,High School,40.1,56.4,42.5,47.0,37.1,44.62,D,Pass,40–55
STU0233,Female,17,5.1,82.9,6.9,No,Yes,Bachelor,37.3,48.7,43.7,55.6,22.6,41.58,D,Pass,40–55
STU0234,Male,19,3.7,57.6,10.0,No,Yes,High School,31.8,34.9,41.8,28.0,42.9,35.88,F,Fail,Below 40
STU0235,Female,15,9.3,90.3,6.0,No,Yes,Master,57.8,50.6,68.7,73.3,70.3,64.14,C,Pass,55–70
STU0236,Male,16,6.3,83.7,9.0,Yes,Yes,High School,41.3,26.5,61.5,51.4,36.2,43.38,D,Pass,40–55
STU0237,Male,16,1.0,81.1,9.0,Yes,Yes,High School,30.4,31.8,18.6,27.1,23.5,26.28,F,Fail,Below 40
STU0238,Female,19,5.4,89.8,6.3,No,Yes,PhD,50.1,47.6,48.2,46.3,61.0,50.64,D,Pass,40–55
STU0239,Male,15,3.7,98.0,7.7,Yes,Yes,Bachelor,50.4,39.5,32.8,51.6,55.7,46.0,D,Pass,40–55
STU0240,Female,18,6.7,90.2,9.0,No,No,Master,50.4,56.1,52.3,57.1,61.4,55.46,C,Pass,55–70
STU0241,Male,17,3.4,55.9,6.5,No,Yes,High School,33.7,29.9,28.7,53.2,29.0,34.9,F,Fail,Below 40
STU0242,Female,15,4.8,62.6,6.8,No,Yes,Bachelor,42.3,48.0,42.3,29.4,38.5,40.1,D,Pass,40–55
STU0243,Female,16,6.0,70.5,6.3,Yes,Yes,Bachelor,48.7,46.0,45.5,50.4,44.1,46.94,D,Pass,40–55
STU0244,Female,19,6.7,78.3,5.8,Yes,No,Bachelor,43.8,43.7,54.8,45.1,59.4,49.36,D,Pass,40–55
STU0245,Male,19,2.6,84.2,6.2,No,No,Bachelor,36.9,44.6,40.6,27.0,28.7,35.56,F,Fail,Below 40
STU0246,Male,17,4.3,69.3,5.5,No,Yes,Bachelor,41.0,36.2,53.2,38.0,31.7,40.02,D,Pass,40–55
STU0247,Male,19,4.1,80.2,7.0,No,Yes,Bachelor,40.3,45.0,38.1,41.6,48.4,42.68,D,Pass,40–55
STU0248,Male,19,3.7,68.9,6.1,Yes,Yes,High School,18.8,31.2,28.9,64.6,35.1,35.72,F,Fail,Below 40
STU0249,Female,15,8.5,70.7,7.3,Yes,Yes,Bachelor,56.6,49.5,57.0,53.5,66.3,56.58,C,Pass,55–70
STU0250,Female,18,5.8,61.1,5.1,No,Yes,High School,59.3,42.3,36.0,30.3,36.2,40.82,D,Pass,40–55
STU0251,Female,17,2.5,66.9,7.4,No,Yes,Bachelor,27.1,30.1,40.4,32.7,29.6,31.98,F,Fail,Below 40
STU0252,Female,15,6.8,61.8,8.0,No,Yes,High School,40.1,50.2,43.9,25.1,38.5,39.56,F,Fail,Below 40
STU0253,Female,18,9.2,66.3,4.6,Yes,Yes,Bachelor,59.9,54.4,52.9,55.9,56.9,56.0,C,Pass,55–70
STU0254,Female,15,7.1,90.6,7.4,No,No,Bachelor,58.0,38.9,52.2,55.6,43.6,49.66,D,Pass,40–55
STU0255,Male,15,2.0,66.6,8.5,No,Yes,High School,37.4,23.9,32.9,35.8,23.9,30.78,F,Fail,Below 40
STU0256,Female,19,4.0,100.0,5.5,No,Yes,High School,36.1,53.3,45.0,55.9,34.6,44.98,D,Pass,40–55
STU0257,Female,18,7.5,83.9,9.0,No,Yes,High School,61.2,52.6,50.8,50.3,60.9,55.16,C,Pass,55–70
STU0258,Female,17,3.6,80.2,7.5,Yes,Yes,Bachelor,43.1,36.2,50.1,36.9,44.1,42.08,D,Pass,40–55
STU0259,Male,17,5.9,67.7,6.2,No,Yes,Master,42.7,52.7,37.9,36.2,30.0,39.9,F,Fail,Below 40
STU0260,Male,18,6.5,86.4,6.9,Yes,Yes,No Education,54.8,45.7,52.4,40.8,62.8,51.3,D,Pass,40–55
STU0261,Male,19,3.1,71.1,7.7,No,No,Bachelor,42.1,20.0,38.5,37.0,53.9,38.3,F,Fail,Below 40
STU0262,Female,16,4.9,79.5,7.1,No,Yes,High School,50.3,41.9,31.9,30.6,43.7,39.68,F,Fail,Below 40
STU0263,Female,15,1.0,100.0,7.6,Yes,Yes,Bachelor,24.9,29.6,37.4,29.9,28.9,30.14,F,Fail,Below 40
STU0264,Male,19,3.0,76.8,5.9,No,Yes,Master,41.4,26.2,27.5,24.9,57.5,35.5,F,Fail,Below 40
STU0265,Female,18,4.5,91.8,7.2,Yes,Yes,High School,45.0,43.9,51.3,51.0,35.0,45.24,D,Pass,40–55
STU0266,Male,15,2.5,69.6,5.3,No,Yes,Bachelor,31.5,35.3,24.1,48.9,31.0,34.16,F,Fail,Below 40
STU0267,Male,17,8.3,77.6,6.9,No,Yes,No Education,56.9,56.2,61.2,43.3,57.8,55.08,C,Pass,55–70
STU0268,Male,16,2.1,99.2,5.9,Yes,Yes,High School,37.1,41.1,46.1,19.8,49.1,38.64,F,Fail,Below 40
STU0269,Female,17,4.1,70.5,6.1,Yes,Yes,High School,47.2,53.9,43.7,36.4,40.5,44.34,D,Pass,40–55
STU0270,Female,18,5.3,99.7,8.5,No,Yes,No Education,50.3,47.9,52.7,51.1,47.0,49.8,D,Pass,40–55
STU0271,Male,15,7.9,86.5,8.3,Yes,Yes,Bachelor,48.5,60.0,55.9,59.7,49.9,54.8,D,Pass,40–55
STU0272,Female,18,2.1,71.3,7.7,No,Yes,Bachelor,26.7,25.3,25.9,25.4,27.2,26.1,F,Fail,Below 40
STU0273,Male,15,7.3,85.6,5.7,No,Yes,Bachelor,56.4,47.4,65.3,53.0,46.9,53.8,D,Pass,40–55
STU0274,Female,19,5.0,89.7,6.6,No,Yes,High School,56.8,41.7,42.1,50.7,47.4,47.74,D,Pass,40–55
STU0275,Female,16,3.0,85.5,8.5,Yes,Yes,High School,42.6,33.5,30.5,48.2,33.3,37.62,F,Fail,Below 40
STU0276,Female,19,5.9,59.2,7.2,No,Yes,Bachelor,34.6,44.7,46.1,21.9,29.5,35.36,F,Fail,Below 40
STU0277,Male,19,5.4,69.3,9.8,No,Yes,PhD,62.3,63.5,36.8,38.7,52.4,50.74,D,Pass,40–55
STU0278,Female,18,3.8,75.0,7.5,Yes,Yes,High School,39.8,31.3,31.1,39.8,33.7,35.14,F,Fail,Below 40
STU0279,Female,16,5.1,77.1,7.2,No,No,Master,53.9,39.9,33.6,34.5,33.5,39.08,F,Fail,Below 40
STU0280,Male,15,4.2,85.4,6.6,No,No,Bachelor,41.3,42.0,39.2,59.9,41.2,44.72,D,Pass,40–55
STU0281,Female,15,5.2,80.1,7.2,No,Yes,Bachelor,49.2,48.5,44.4,38.6,45.5,45.24,D,Pass,40–55
STU0282,Male,17,6.3,62.0,6.8,Yes,Yes,Bachelor,50.6,46.3,45.6,43.5,29.9,43.18,D,Pass,40–55
STU0283,Female,15,8.2,82.6,7.8,No,Yes,High School,67.2,69.0,64.1,63.0,60.1,64.68,C,Pass,55–70
STU0284,Male,18,2.5,85.3,8.1,Yes,Yes,High School,44.2,13.9,39.4,29.8,27.3,30.92,F,Fail,Below 40
STU0285,Female,19,9.3,84.7,6.1,Yes,Yes,Bachelor,69.5,41.0,61.1,44.0,76.2,58.36,C,Pass,55–70
STU0286,Female,19,1.1,91.0,5.4,No,Yes,High School,29.2,27.2,30.3,27.4,35.9,30.0,F,Fail,Below 40
STU0287,Male,19,4.7,88.0,4.8,No,Yes,Master,40.6,55.1,48.8,55.5,42.0,48.4,D,Pass,40–55
STU0288,Male,16,6.2,83.5,7.6,Yes,Yes,Bachelor,52.4,35.7,58.7,46.4,43.8,47.4,D,Pass,40–55
STU0289,Male,15,5.6,77.2,5.7,Yes,Yes,High School,52.9,18.3,46.3,36.9,44.6,39.8,F,Fail,Below 40
STU0290,Male,18,3.8,58.1,4.4,Yes,Yes,Bachelor,30.7,37.6,29.2,41.7,37.3,35.3,F,Fail,Below 40
STU0291,Male,16,4.6,83.2,7.5,Yes,Yes,High School,51.8,45.5,36.3,40.0,43.1,43.34,D,Pass,40–55
STU0292,Female,17,4.0,80.5,10.0,Yes,Yes,Bachelor,51.8,30.4,30.1,35.1,38.5,37.18,F,Fail,Below 40
STU0293,Male,18,3.8,81.3,7.0,Yes,Yes,Bachelor,32.3,30.8,44.3,41.2,40.1,37.74,F,Fail,Below 40
STU0294,Male,18,6.7,62.7,8.0,No,No,Master,38.9,36.9,49.6,53.3,40.8,43.9,D,Pass,40–55
STU0295,Female,18,5.7,65.0,7.1,No,Yes,Bachelor,41.2,43.4,46.4,66.2,39.6,47.36,D,Pass,40–55
STU0296,Male,19,3.6,90.6,6.9,No,Yes,Bachelor,44.1,36.0,40.7,49.9,25.0,39.14,F,Fail,Below 40
STU0297,Female,18,6.8,77.5,8.1,No,Yes,Bachelor,46.3,54.9,60.3,62.1,58.2,56.36,C,Pass,55–70
STU0298,Female,15,5.6,86.2,6.7,Yes,No,Master,59.1,22.6,44.9,43.3,50.7,44.12,D,Pass,40–55
STU0299,Female,18,6.6,78.3,7.3,No,Yes,High School,53.4,42.3,56.7,39.7,43.8,47.18,D,Pass,40–55
STU0300,Female,19,6.3,78.4,7.4,No,Yes,No Education,48.9,38.4,48.3,49.2,63.7,49.7,D,Pass,40–55
STU0301,Female,18,3.3,89.3,6.2,No,Yes,High School,28.7,37.8,35.9,41.2,40.8,36.88,F,Fail,Below 40
STU0302,Male,17,3.9,71.8,8.2,No,Yes,High School,26.5,32.2,41.2,26.3,28.8,31.0,F,Fail,Below 40
STU0303,Male,17,6.5,79.2,6.8,No,Yes,Bachelor,52.0,56.9,52.6,48.0,56.6,53.22,D,Pass,40–55
STU0304,Male,19,6.2,72.5,6.1,No,Yes,Bachelor,29.6,29.9,49.1,50.6,49.8,41.8,D,Pass,40–55
STU0305,Female,15,5.0,72.8,7.6,Yes,Yes,Bachelor,49.8,42.1,42.2,45.3,44.8,44.84,D,Pass,40–55
STU0306,Male,15,5.2,74.3,5.9,No,Yes,No Education,42.0,48.3,43.0,48.3,39.8,44.28,D,Pass,40–55
STU0307,Female,16,7.6,80.7,7.0,No,No,Bachelor,80.4,71.1,71.1,57.3,58.0,67.58,C,Pass,55–70
STU0308,Female,19,3.8,72.3,7.0,No,Yes,High School,55.4,32.6,45.2,31.9,34.8,39.98,F,Fail,Below 40
STU0309,Female,18,6.1,93.1,8.3,No,Yes,Bachelor,50.8,55.2,57.4,47.2,56.7,53.46,D,Pass,40–55
STU0310,Female,19,4.6,67.3,7.6,Yes,Yes,Bachelor,37.7,22.3,39.3,26.6,23.3,29.84,F,Fail,Below 40
STU0311,Male,16,4.6,75.8,7.0,Yes,Yes,High School,49.0,19.5,48.0,58.8,37.5,42.56,D,Pass,40–55
STU0312,Female,19,7.2,72.7,8.0,No,No,High School,64.2,58.2,54.2,50.7,64.4,58.34,C,Pass,55–70
STU0313,Female,19,6.7,95.4,8.7,No,Yes,High School,42.1,55.2,55.4,53.0,49.1,50.96,D,Pass,40–55
STU0314,Male,16,6.6,80.4,7.7,No,Yes,Master,36.3,61.2,48.5,41.3,45.8,46.62,D,Pass,40–55
STU0315,Male,15,7.6,90.4,7.0,Yes,Yes,Master,52.6,45.2,57.0,86.9,54.0,59.14,C,Pass,55–70
STU0316,Female,18,5.0,60.2,5.4,Yes,Yes,Bachelor,42.9,42.9,16.0,27.5,28.5,31.56,F,Fail,Below 40
STU0317,Female,16,6.4,81.2,5.7,No,Yes,High School,53.8,66.6,51.3,45.5,32.2,49.88,D,Pass,40–55
STU0318,Female,17,4.4,88.7,6.6,No,Yes,Bachelor,52.7,47.9,40.7,48.3,42.3,46.38,D,Pass,40–55
STU0319,Female,15,5.6,79.0,6.3,No,Yes,Bachelor,36.7,48.8,57.4,52.3,47.4,48.52,D,Pass,40–55
STU0320,Female,17,4.7,90.8,6.8,No,No,Bachelor,27.7,46.3,46.3,55.8,45.8,44.38,D,Pass,40–55
STU0321,Female,15,5.2,71.8,7.1,No,Yes,High School,49.2,28.2,34.0,60.4,41.2,42.6,D,Pass,40–55
STU0322,Male,18,6.2,94.9,7.6,Yes,Yes,No Education,46.6,65.4,52.9,58.3,53.6,55.36,C,Pass,55–70
STU0323,Male,18,3.4,100.0,6.9,No,Yes,Bachelor,27.3,38.0,36.1,32.9,51.6,37.18,F,Fail,Below 40
STU0324,Male,19,9.2,73.6,7.6,No,Yes,High School,60.0,63.4,62.1,56.3,57.3,59.82,C,Pass,55–70
STU0325,Female,17,3.0,72.7,7.1,No,Yes,High School,40.1,19.7,35.8,36.8,29.2,32.32,F,Fail,Below 40
STU0326,Female,15,2.6,95.4,4.6,No,Yes,No Education,37.9,28.3,45.6,59.6,36.7,41.62,D,Pass,40–55
STU0327,Female,18,7.3,97.0,5.9,No,Yes,Bachelor,54.7,71.3,52.8,44.4,63.0,57.24,C,Pass,55–70
STU0328,Male,16,6.6,71.7,6.8,Yes,Yes,Master,46.6,44.7,48.1,59.9,59.1,51.68,D,Pass,40–55
STU0329,Female,18,6.2,73.0,5.5,No,Yes,PhD,43.9,60.0,37.3,48.7,41.9,46.36,D,Pass,40–55
STU0330,Female,16,6.3,74.6,7.7,Yes,No,Bachelor,36.6,46.7,52.3,55.8,48.2,47.92,D,Pass,40–55
STU0331,Female,15,5.0,61.9,8.8,No,Yes,Bachelor,32.7,21.9,42.1,37.4,41.2,35.06,F,Fail,Below 40
STU0332,Female,18,3.2,67.0,8.5,Yes,Yes,High School,37.1,40.9,36.4,24.5,25.0,32.78,F,Fail,Below 40
STU0333,Male,18,5.2,66.0,6.7,Yes,Yes,Bachelor,43.0,35.1,40.4,47.9,40.6,41.4,D,Pass,40–55
STU0334,Female,15,3.6,68.8,8.8,No,Yes,High School,36.6,41.5,38.1,41.8,23.5,36.3,F,Fail,Below 40
STU0335,Male,18,7.0,77.6,7.2,Yes,Yes,Bachelor,43.1,51.3,62.3,60.8,36.9,50.88,D,Pass,40–55
STU0336,Male,16,4.7,80.8,6.6,No,Yes,High School,41.6,29.2,41.1,42.9,46.0,40.16,D,Pass,40–55
STU0337,Female,18,3.3,96.6,6.3,No,Yes,High School,25.0,43.9,43.3,36.4,39.3,37.58,F,Fail,Below 40
STU0338,Female,17,4.4,66.0,6.6,Yes,Yes,High School,38.7,57.0,29.6,21.6,38.9,37.16,F,Fail,Below 40
STU0339,Female,19,5.8,89.8,6.5,No,Yes,High School,61.7,54.7,44.2,58.4,50.1,53.82,D,Pass,40–55
STU0340,Female,16,3.9,75.4,7.2,No,Yes,High School,26.3,37.6,38.8,42.4,30.3,35.08,F,Fail,Below 40
STU0341,Female,17,3.4,77.4,7.2,No,Yes,High School,32.0,46.3,44.4,27.0,36.3,37.2,F,Fail,Below 40
STU0342,Female,15,5.5,86.1,7.0,Yes,Yes,PhD,50.4,49.7,46.0,42.4,37.9,45.28,D,Pass,40–55
STU0343,Female,16,5.5,64.5,7.5,Yes,Yes,Bachelor,51.3,43.2,39.7,36.7,52.4,44.66,D,Pass,40–55
STU0344,Male,19,4.0,82.6,8.4,Yes,Yes,Bachelor,37.1,30.9,37.9,25.9,29.9,32.34,F,Fail,Below 40
STU0345,Male,19,4.1,80.0,8.1,Yes,Yes,Master,34.7,42.3,36.5,32.1,38.7,36.86,F,Fail,Below 40
STU0346,Male,15,5.5,83.9,5.2,Yes,Yes,PhD,31.3,56.3,49.1,35.7,38.7,42.22,D,Pass,40–55
STU0347,Male,15,2.1,81.5,4.0,No,Yes,Bachelor,33.7,25.3,22.4,28.7,37.4,29.5,F,Fail,Below 40
STU0348,Male,16,2.2,100.0,8.1,No,Yes,Master,55.1,51.6,47.7,31.4,36.1,44.38,D,Pass,40–55
STU0349,Male,18,3.6,70.3,5.4,No,Yes,High School,37.6,34.5,30.7,19.1,31.2,30.62,F,Fail,Below 40
STU0350,Male,15,4.6,71.6,6.7,No,Yes,High School,39.6,31.8,44.8,60.0,46.6,44.56,D,Pass,40–55
STU0351,Female,18,5.6,70.5,5.6,Yes,Yes,Bachelor,46.2,52.6,34.8,56.2,43.9,46.74,D,Pass,40–55
STU0352,Male,17,8.0,71.3,4.8,Yes,Yes,Bachelor,53.1,50.6,57.9,45.4,57.3,52.86,D,Pass,40–55
STU0353,Female,19,6.7,70.4,7.6,Yes,Yes,Bachelor,41.5,54.8,52.7,50.7,40.1,47.96,D,Pass,40–55
STU0354,Male,18,4.7,92.3,7.9,Yes,Yes,High School,53.0,43.8,49.1,50.6,35.2,46.34,D,Pass,40–55
STU0355,Female,19,5.0,95.0,6.3,No,Yes,High School,50.2,47.8,41.4,60.3,49.2,49.78,D,Pass,40–55
STU0356,Male,18,3.0,71.2,4.0,No,Yes,Bachelor,33.5,37.8,35.1,25.1,30.8,32.46,F,Fail,Below 40
STU0357,Male,17,5.0,68.0,6.3,Yes,No,High School,32.5,42.9,32.0,51.2,45.3,40.78,D,Pass,40–55
STU0358,Female,15,4.4,83.7,7.5,Yes,Yes,Bachelor,53.2,24.8,41.0,37.3,42.1,39.68,F,Fail,Below 40
STU0359,Male,17,5.6,71.4,5.2,No,Yes,Bachelor,49.3,33.9,51.2,30.6,45.6,42.12,D,Pass,40–55
STU0360,Male,15,3.3,85.6,7.2,No,Yes,Bachelor,34.6,47.4,44.6,46.3,26.1,39.8,F,Fail,Below 40
STU0361,Male,15,6.0,80.4,7.0,Yes,Yes,Bachelor,56.3,47.1,48.4,61.2,63.4,55.28,C,Pass,55–70
STU0362,Male,19,8.1,59.8,7.7,No,Yes,Master,46.2,45.5,43.4,76.1,48.9,52.02,D,Pass,40–55
STU0363,Male,17,4.8,96.6,7.1,No,Yes,Bachelor,41.8,35.9,52.6,36.1,53.7,44.02,D,Pass,40–55
STU0364,Male,18,5.8,99.6,5.8,Yes,Yes,Bachelor,47.0,43.4,53.2,60.1,46.4,50.02,D,Pass,40–55
STU0365,Female,17,6.4,70.6,8.4,Yes,Yes,Bachelor,32.5,28.5,30.5,42.6,49.2,36.66,F,Fail,Below 40
STU0366,Female,19,4.2,73.3,6.8,No,Yes,High School,42.6,37.9,44.3,46.6,28.4,39.96,F,Fail,Below 40
STU0367,Female,15,5.4,81.4,7.0,No,No,No Education,31.6,40.8,46.1,31.5,49.8,39.96,F,Fail,Below 40
STU0368,Male,19,5.0,82.0,5.9,No,Yes,High School,34.9,36.0,53.1,32.1,41.9,39.6,F,Fail,Below 40
STU0369,Female,16,5.2,85.9,6.5,Yes,No,Bachelor,29.9,45.9,38.9,38.8,46.8,40.06,D,Pass,40–55
STU0370,Male,16,3.5,100.0,5.9,Yes,Yes,Bachelor,43.1,47.1,21.6,44.6,49.4,41.16,D,Pass,40–55
STU0371,Male,18,5.0,75.9,6.8,No,Yes,Master,41.8,61.8,44.9,36.5,33.1,43.62,D,Pass,40–55
STU0372,Female,19,6.0,68.4,9.1,No,Yes,High School,41.9,30.9,46.6,51.1,39.0,41.9,D,Pass,40–55
STU0373,Male,18,7.9,61.4,5.4,Yes,Yes,High School,41.7,60.5,38.2,60.3,53.7,50.88,D,Pass,40–55
STU0374,Male,18,6.9,69.2,5.1,No,Yes,PhD,39.1,57.2,41.6,54.4,65.2,51.5,D,Pass,40–55
STU0375,Female,16,9.3,77.6,8.8,No,No,High School,64.2,53.5,79.8,76.7,59.4,66.72,C,Pass,55–70
STU0376,Female,18,3.5,99.5,6.7,No,No,Bachelor,39.3,45.6,41.6,47.9,48.5,44.58,D,Pass,40–55
STU0377,Female,16,6.7,71.8,6.2,No,Yes,Bachelor,51.0,44.4,53.6,36.3,47.7,46.6,D,Pass,40–55
STU0378,Female,15,5.4,80.7,8.2,No,Yes,Bachelor,38.6,47.3,41.1,59.3,61.2,49.5,D,Pass,40–55
STU0379,Female,19,9.4,77.8,6.3,No,Yes,High School,62.3,74.4,46.2,54.8,46.9,56.92,C,Pass,55–70
STU0380,Male,18,3.4,92.3,9.2,No,No,High School,51.6,46.7,40.0,50.3,42.0,46.12,D,Pass,40–55
STU0381,Male,16,3.3,100.0,7.8,Yes,Yes,High School,48.0,47.9,41.4,59.0,30.3,45.32,D,Pass,40–55
STU0382,Male,17,3.8,71.6,6.4,No,Yes,Bachelor,33.4,32.8,33.9,41.3,16.6,31.6,F,Fail,Below 40
STU0383,Male,18,1.0,72.1,9.6,Yes,Yes,Bachelor,27.7,12.3,24.8,10.7,28.0,20.7,F,Fail,Below 40
STU0384,Male,15,3.9,90.5,6.3,No,Yes,High School,41.0,41.1,44.8,33.8,44.1,40.96,D,Pass,40–55
STU0385,Female,15,3.5,86.2,7.9,Yes,No,Bachelor,39.8,50.6,38.7,53.0,37.5,43.92,D,Pass,40–55
STU0386,Female,17,5.3,100.0,7.4,Yes,Yes,Master,48.6,37.5,42.4,49.5,50.4,45.68,D,Pass,40–55
STU0387,Female,16,5.7,85.0,8.6,Yes,Yes,No Education,46.9,38.7,51.6,49.0,73.0,51.84,D,Pass,40–55
STU0388,Male,18,8.8,73.7,8.9,Yes,Yes,Bachelor,58.8,58.3,43.5,64.7,55.1,56.08,C,Pass,55–70
STU0389,Female,16,6.9,85.1,7.0,No,Yes,Bachelor,45.2,44.3,38.8,60.1,57.2,49.12,D,Pass,40–55
STU0390,Female,15,3.8,91.3,6.1,No,Yes,High School,34.6,35.6,48.0,45.6,37.6,40.28,D,Pass,40–55
STU0391,Female,16,3.2,87.8,7.6,No,Yes,High School,28.1,35.4,42.7,37.1,41.5,36.96,F,Fail,Below 40
STU0392,Male,15,6.0,84.1,6.2,Yes,Yes,Bachelor,36.4,36.9,48.8,46.0,47.3,43.08,D,Pass,40–55
STU0393,Female,16,2.4,90.8,9.4,Yes,No,Master,26.9,27.9,26.9,45.3,33.4,32.08,F,Fail,Below 40
STU0394,Male,17,8.7,92.0,7.2,Yes,Yes,Master,63.5,68.6,57.3,67.8,76.8,66.8,C,Pass,55–70
STU0395,Male,19,7.4,94.6,6.6,Yes,Yes,Bachelor,50.7,46.0,56.0,55.2,67.2,55.02,C,Pass,55–70
STU0396,Male,17,4.1,85.8,7.2,No,No,Bachelor,46.1,27.6,30.8,52.8,43.1,40.08,D,Pass,40–55
STU0397,Female,17,1.6,76.0,5.4,Yes,Yes,High School,29.4,23.4,23.9,27.8,10.7,23.04,F,Fail,Below 40
STU0398,Female,19,7.7,79.8,5.8,Yes,Yes,Bachelor,39.0,61.3,59.3,46.2,51.9,51.54,D,Pass,40–55
STU0399,Male,19,4.8,92.5,8.4,Yes,Yes,Bachelor,52.1,45.1,56.8,39.2,68.5,52.34,D,Pass,40–55
STU0400,Male,18,7.5,68.2,6.2,Yes,Yes,High School,56.8,46.2,47.4,40.6,48.5,47.9,D,Pass,40–55
STU0401,Male,18,1.8,82.4,5.7,No,Yes,Bachelor,24.0,32.4,37.3,29.2,40.8,32.74,F,Fail,Below 40
STU0402,Male,17,3.8,73.3,7.6,No,No,Bachelor,40.6,21.5,23.8,49.5,48.7,36.82,F,Fail,Below 40
STU0403,Male,17,5.0,78.3,8.4,Yes,Yes,High School,36.7,48.0,48.2,35.5,45.3,42.74,D,Pass,40–55
STU0404,Male,15,5.1,93.3,7.9,Yes,Yes,Master,49.2,51.8,42.8,50.3,41.6,47.14,D,Pass,40–55
STU0405,Female,15,4.1,80.3,8.2,Yes,Yes,No Education,30.4,36.8,42.6,33.9,21.0,32.94,F,Fail,Below 40
STU0406,Male,18,6.2,78.6,6.1,Yes,Yes,High School,34.2,57.6,46.8,45.9,54.0,47.7,D,Pass,40–55
STU0407,Male,18,2.9,61.7,5.3,Yes,Yes,High School,26.9,19.8,39.2,14.9,23.4,24.84,F,Fail,Below 40
STU0408,Male,15,4.7,87.0,8.8,No,Yes,Bachelor,44.0,55.1,38.8,42.7,46.4,45.4,D,Pass,40–55
STU0409,Female,15,5.2,85.7,6.6,No,Yes,Bachelor,43.5,48.1,51.1,44.7,36.7,44.82,D,Pass,40–55
STU0410,Female,16,6.0,100.0,6.7,No,Yes,High School,44.6,51.1,52.2,59.5,52.0,51.88,D,Pass,40–55
STU0411,Female,16,6.4,74.3,8.6,No,No,Bachelor,44.8,47.8,46.9,50.2,48.3,47.6,D,Pass,40–55
STU0412,Male,15,2.8,80.6,7.7,No,Yes,High School,37.3,34.2,33.9,23.2,37.3,33.18,F,Fail,Below 40
STU0413,Female,16,1.9,81.0,7.5,No,Yes,Bachelor,31.7,43.0,26.1,42.9,23.1,33.36,F,Fail,Below 40
STU0414,Male,19,7.6,96.9,9.6,No,Yes,Bachelor,60.8,49.6,59.2,61.4,68.9,59.98,C,Pass,55–70
STU0415,Female,18,5.7,76.9,6.2,No,Yes,Bachelor,40.4,38.9,45.3,47.7,40.9,42.64,D,Pass,40–55
STU0416,Female,18,3.5,81.3,8.1,Yes,Yes,Master,47.8,47.7,40.1,38.3,25.0,39.78,F,Fail,Below 40
STU0417,Female,15,8.1,85.3,7.1,No,Yes,High School,48.6,52.6,58.6,52.8,57.1,53.94,D,Pass,40–55
STU0418,Female,17,5.2,80.2,7.3,No,Yes,High School,48.9,53.1,50.6,47.2,45.3,49.02,D,Pass,40–55
STU0419,Female,15,7.4,72.6,8.8,No,Yes,Bachelor,60.7,66.5,57.7,56.0,52.5,58.68,C,Pass,55–70
STU0420,Male,16,5.1,80.3,7.6,No,No,PhD,48.5,41.0,37.3,27.2,55.5,41.9,D,Pass,40–55
STU0421,Female,17,9.1,90.9,7.6,No,No,High School,62.1,69.9,69.8,58.4,61.9,64.42,C,Pass,55–70
STU0422,Male,16,8.5,65.7,8.3,Yes,No,High School,49.5,43.4,45.4,51.2,52.8,48.46,D,Pass,40–55
STU0423,Female,19,4.5,79.6,6.6,No,Yes,High School,50.2,48.7,46.0,44.4,33.1,44.48,D,Pass,40–55
STU0424,Male,16,6.9,69.6,6.0,Yes,Yes,Bachelor,37.3,50.4,53.0,60.6,55.2,51.3,D,Pass,40–55
STU0425,Male,19,6.3,92.3,5.7,Yes,Yes,High School,45.1,57.1,39.5,45.1,54.3,48.22,D,Pass,40–55
STU0426,Male,19,7.7,59.7,4.6,Yes,Yes,Bachelor,45.7,43.1,49.5,43.9,45.5,45.54,D,Pass,40–55
STU0427,Male,16,3.1,71.3,9.5,No,Yes,PhD,43.6,18.7,30.4,28.5,18.4,27.92,F,Fail,Below 40
STU0428,Female,16,6.4,82.5,5.7,Yes,Yes,Bachelor,53.3,54.8,44.9,42.2,61.8,51.4,D,Pass,40–55
STU0429,Female,19,7.1,96.8,6.7,Yes,Yes,High School,49.8,38.9,67.0,54.0,47.7,51.48,D,Pass,40–55
STU0430,Male,17,1.5,77.2,6.7,No,Yes,Bachelor,26.6,26.2,24.5,36.8,24.4,27.7,F,Fail,Below 40
STU0431,Male,19,2.6,71.3,7.4,Yes,Yes,High School,27.0,40.4,26.3,21.4,34.8,29.98,F,Fail,Below 40
STU0432,Female,18,1.0,100.0,8.0,No,Yes,Master,28.3,35.7,34.5,38.3,24.4,32.24,F,Fail,Below 40
STU0433,Male,19,4.5,60.6,8.0,No,Yes,Bachelor,43.9,53.6,40.8,19.0,24.1,36.28,F,Fail,Below 40
STU0434,Female,17,6.4,51.6,6.3,Yes,Yes,High School,30.3,50.5,40.2,35.6,24.2,36.16,F,Fail,Below 40
STU0435,Female,18,8.0,83.3,6.8,No,Yes,Bachelor,69.9,51.1,65.2,53.7,62.8,60.54,C,Pass,55–70
STU0436,Female,15,5.1,72.0,7.3,Yes,Yes,Bachelor,48.8,42.4,45.9,58.9,37.8,46.76,D,Pass,40–55
STU0437,Female,15,8.3,65.7,6.7,No,Yes,Bachelor,61.5,52.3,37.5,50.0,76.2,55.5,C,Pass,55–70
STU0438,Male,17,2.2,86.5,8.9,No,Yes,High School,31.2,20.7,31.2,12.9,27.0,24.6,F,Fail,Below 40
STU0439,Female,19,1.6,80.9,7.6,No,Yes,Master,29.5,22.2,26.7,10.7,23.3,22.48,F,Fail,Below 40
STU0440,Male,16,4.9,71.2,7.9,No,Yes,Master,29.5,35.9,44.3,41.3,36.4,37.48,F,Fail,Below 40
STU0441,Male,17,5.8,62.6,7.8,Yes,Yes,Bachelor,37.7,23.5,23.5,48.0,43.8,35.3,F,Fail,Below 40
STU0442,Female,18,4.9,88.5,8.4,Yes,No,PhD,50.2,46.7,64.1,50.0,42.5,50.7,D,Pass,40–55
STU0443,Male,18,1.0,85.8,7.2,No,Yes,High School,40.1,27.5,33.5,31.4,34.6,33.42,F,Fail,Below 40
STU0444,Female,15,4.8,76.8,5.4,No,Yes,Bachelor,33.5,27.3,43.4,54.0,34.5,38.54,F,Fail,Below 40
STU0445,Female,18,2.4,100.0,7.5,No,Yes,Bachelor,36.6,43.2,47.8,34.2,28.5,38.06,F,Fail,Below 40
STU0446,Female,17,6.3,65.2,6.2,No,No,Bachelor,43.7,51.3,61.3,53.9,30.5,48.14,D,Pass,40–55
STU0447,Female,18,5.7,59.7,6.4,No,Yes,Bachelor,29.7,42.9,46.9,24.5,23.1,33.42,F,Fail,Below 40
STU0448,Male,17,3.1,69.7,7.7,No,Yes,High School,38.1,30.5,40.0,24.3,29.2,32.42,F,Fail,Below 40
STU0449,Male,16,4.0,77.5,8.5,Yes,Yes,High School,33.3,44.4,40.0,21.1,36.7,35.1,F,Fail,Below 40
STU0450,Female,15,2.9,80.9,7.0,No,No,High School,34.2,41.9,34.8,33.1,30.8,34.96,F,Fail,Below 40
STU0451,Male,18,4.9,75.1,7.4,No,Yes,High School,38.4,44.8,38.7,41.6,52.0,43.1,D,Pass,40–55
STU0452,Female,17,6.9,82.2,9.0,Yes,Yes,Bachelor,46.0,44.9,46.5,53.4,62.1,50.58,D,Pass,40–55
STU0453,Female,19,3.0,63.0,7.3,No,Yes,High School,31.0,33.5,26.2,31.6,28.3,30.12,F,Fail,Below 40
STU0454,Female,15,6.0,95.3,10.0,No,Yes,High School,50.9,63.4,43.2,43.4,38.3,47.84,D,Pass,40–55
STU0455,Male,16,3.9,77.0,7.7,No,Yes,Bachelor,35.9,33.5,38.3,37.0,34.3,35.8,F,Fail,Below 40
STU0456,Male,17,3.4,91.4,4.9,Yes,Yes,Bachelor,35.3,60.0,29.3,26.1,36.3,37.4,F,Fail,Below 40
STU0457,Male,16,4.8,82.1,7.9,Yes,Yes,Master,46.3,39.0,45.1,57.4,38.5,45.26,D,Pass,40–55
STU0458,Male,16,2.9,83.5,7.5,No,Yes,Bachelor,50.0,37.1,36.5,33.7,31.2,37.7,F,Fail,Below 40
STU0459,Female,18,3.9,84.8,8.5,No,Yes,High School,42.1,35.0,42.1,36.1,35.8,38.22,F,Fail,Below 40
STU0460,Male,18,2.6,83.4,7.8,Yes,No,Master,43.4,37.4,31.8,51.3,32.3,39.24,F,Fail,Below 40
STU0461,Male,17,8.9,85.7,6.8,Yes,Yes,Bachelor,50.3,45.8,83.0,49.0,56.3,56.88,C,Pass,55–70
STU0462,Male,19,5.1,93.9,5.5,No,Yes,High School,49.7,43.6,58.0,37.2,50.1,47.72,D,Pass,40–55
STU0463,Female,17,3.6,80.4,6.7,Yes,Yes,Bachelor,29.7,28.7,29.8,27.5,41.4,31.42,F,Fail,Below 40
STU0464,Female,19,5.4,86.5,6.0,No,Yes,Master,35.8,48.9,49.3,47.0,40.4,44.28,D,Pass,40–55
STU0465,Male,16,4.8,76.9,6.3,No,Yes,High School,36.3,51.1,37.9,46.5,52.3,44.82,D,Pass,40–55
STU0466,Male,15,4.6,95.3,7.7,Yes,Yes,High School,56.4,52.6,39.7,54.2,39.0,48.38,D,Pass,40–55
STU0467,Male,17,6.2,69.9,9.0,No,Yes,High School,53.5,24.5,36.5,71.6,32.9,43.8,D,Pass,40–55
STU0468,Male,17,6.5,99.6,7.5,Yes,Yes,High School,57.9,74.3,59.0,33.4,59.0,56.72,C,Pass,55–70
STU0469,Female,19,3.9,77.5,5.6,Yes,Yes,Bachelor,26.7,41.7,34.2,45.1,32.5,36.04,F,Fail,Below 40
STU0470,Female,16,3.8,60.8,7.5,No,Yes,Bachelor,32.1,26.7,40.4,28.1,36.2,32.7,F,Fail,Below 40
STU0471,Male,16,4.4,79.5,8.4,No,Yes,High School,44.1,43.1,48.6,35.8,22.4,38.8,F,Fail,Below 40
STU0472,Male,19,1.0,69.8,6.3,No,No,Master,26.4,26.5,34.6,18.8,36.1,28.48,F,Fail,Below 40
STU0473,Female,16,2.0,88.1,6.8,No,Yes,Bachelor,19.6,28.3,28.3,25.2,39.7,28.22,F,Fail,Below 40
STU0474,Male,18,7.7,70.2,7.0,Yes,No,Bachelor,44.9,53.8,55.3,68.8,40.0,52.56,D,Pass,40–55
STU0475,Female,15,8.3,72.6,6.1,Yes,Yes,Master,54.4,49.5,59.4,63.4,43.1,53.96,D,Pass,40–55
STU0476,Male,17,4.5,55.3,7.8,Yes,No,High School,38.9,31.0,31.3,34.8,48.0,36.8,F,Fail,Below 40
STU0477,Female,15,6.2,72.6,6.9,Yes,Yes,Bachelor,28.8,40.2,41.0,59.9,40.5,42.08,D,Pass,40–55
STU0478,Male,17,5.6,48.9,7.5,Yes,Yes,Bachelor,35.9,24.3,48.4,22.0,30.5,32.22,F,Fail,Below 40
STU0479,Female,18,11.2,59.0,5.9,Yes,Yes,Master,63.5,63.6,63.9,49.0,44.2,56.84,C,Pass,55–70
STU0480,Female,16,7.2,87.1,6.5,No,Yes,Bachelor,61.9,60.4,59.5,33.3,52.3,53.48,D,Pass,40–55
STU0481,Male,19,4.7,87.4,7.9,No,Yes,High School,50.7,49.8,39.5,38.2,43.4,44.32,D,Pass,40–55
STU0482,Male,18,3.1,83.1,6.6,No,Yes,Master,41.9,44.7,28.8,38.9,43.0,39.46,F,Fail,Below 40
STU0483,Male,15,1.8,66.4,9.1,No,Yes,High School,20.7,30.0,23.1,28.1,15.9,23.56,F,Fail,Below 40
STU0484,Male,19,5.4,77.4,6.5,Yes,Yes,Master,29.6,40.1,44.0,46.3,32.7,38.54,F,Fail,Below 40
STU0485,Male,16,3.5,78.0,7.3,Yes,Yes,PhD,34.2,44.9,29.9,23.2,40.9,34.62,F,Fail,Below 40
STU0486,Male,18,2.2,64.1,8.1,No,Yes,High School,35.9,15.6,27.8,35.9,35.9,30.22,F,Fail,Below 40
STU0487,Female,19,3.7,96.0,5.3,No,Yes,Bachelor,54.8,35.5,31.8,46.0,31.1,39.84,F,Fail,Below 40
STU0488,Male,18,2.8,88.5,4.9,Yes,Yes,No Education,43.6,29.2,30.1,45.2,46.6,38.94,F,Fail,Below 40
STU0489,Male,18,8.4,75.3,5.2,No,Yes,Bachelor,59.5,65.8,60.8,37.2,56.4,55.94,C,Pass,55–70
STU0490,Female,16,6.8,78.3,8.5,No,Yes,Bachelor,53.6,59.0,54.8,53.7,59.3,56.08,C,Pass,55–70
STU0491,Male,17,5.0,80.5,6.3,No,Yes,Bachelor,39.6,48.5,41.3,32.2,43.5,41.02,D,Pass,40–55
STU0492,Female,19,8.0,53.5,10.0,Yes,Yes,Master,46.8,57.5,40.8,43.9,27.7,43.34,D,Pass,40–55
STU0493,Male,16,5.2,75.0,6.3,No,Yes,Bachelor,56.5,35.2,35.9,48.5,41.9,43.6,D,Pass,40–55
STU0494,Female,18,3.3,69.8,7.2,No,Yes,Bachelor,26.5,37.2,31.4,35.0,42.5,34.52,F,Fail,Below 40
STU0495,Female,16,8.0,66.0,8.9,No,Yes,Master,64.9,50.9,56.5,43.5,44.8,52.12,D,Pass,40–55
STU0496,Female,17,6.1,74.6,9.4,No,Yes,PhD,44.1,54.3,53.2,46.8,43.6,48.4,D,Pass,40–55
STU0497,Female,19,2.9,99.6,9.5,No,Yes,No Education,52.2,40.5,38.1,26.3,40.2,39.46,F,Fail,Below 40
STU0498,Male,17,4.6,85.7,8.5,No,Yes,PhD,32.9,40.7,36.1,55.7,21.0,37.28,F,Fail,Below 40
STU0499,Female,15,3.2,71.1,8.2,Yes,Yes,High School,39.0,39.2,36.2,32.3,47.7,38.88,F,Fail,Below 40
STU0500,Male,19,2.2,84.9,7.7,No,Yes,Master,28.5,42.3,28.6,45.6,27.2,34.44,F,Fail,Below 40
